{
  "type": "Feature",
  "properties": {
    "name": "peabodyFirstGregoryFourth"
  },
  "geometry": {
    "type": "LineString",
    "coordinates": [
      [
        40.101465463951726,
        -88.23443759232761
      ],
      [
        40.10143535460024,
        -88.23861390701495
      ],
      [
        40.10409033589895,
        -88.23863969184458
      ],
      [
        40.104124186560135,
        -88.23345395503567
      ],
      [
        40.101459982239525,
        -88.23338449001312
      ]
    ]
  }
}
