{
  "type": "Feature",
  "properties": {
    "name": "first_north"
  },
  "geometry": {
    "type": "LineString",
    "coordinates": [
      [
        40.09808598474103,
        -88.23855842929336
      ],
      [
        40.101442543339346,
        -88.23860134463757
      ],
      [
        40.10409820553805,
        -88.23863805737348
      ],
      [
        40.105402982321195,
        -88.23861659970136
      ],
      [
        40.106535409809624,
        -88.2386595150456
      ],
      [
        40.10788116868812,
        -88.23868474457414
      ]
    ]
  }
}
