{
  "type": "Feature",
  "properties": {
    "name": "fourth_south"
  },
  "geometry": {
    "type": "LineString",
    "coordinates": [
      [
        40.10795508464632,
        -88.23350749444216
      ],
      [
        40.10683088668438,
        -88.23346457909794
      ],
      [
        40.10656829762245,
        -88.23348603677005
      ],
      [
        40.10541125249517,
        -88.23346457909794
      ],
      [
        40.10411468209115,
        -88.23346457909794
      ],
      [
        40.10145026902914,
        -88.23336399625988
      ],
      [
        40.098114452583054,
        -88.2333532255143
      ]
    ]
  }
}
