{
  "type": "Feature",
  "properties": {
    "name": "Gregory_West"
  },
  "geometry": {
    "type": "LineString",
    "coordinates": [
      [
        40.10407310603417,
        -88.24152201879772
      ],
      [
        40.10409384598248,
        -88.23862925637515
      ],
      [
        40.10413487708267,
        -88.23345795739444
      ],
      [
        40.10414757107428,
        -88.23025703430177
      ],
      [
        40.104188602142074,
        -88.22383046150209
      ],
      [
        40.10420501456225,
        -88.22138428688051
      ]
    ]
  }
}
