{
  "type": "Feature",
  "properties": {
    "name": "peabody_west"
  },
  "geometry": {
    "type": "LineString",
    "coordinates": [
      [
        40.101435314529226,
        -88.23861953336747
      ],
      [
        40.1014616171362,
        -88.23443484725432
      ],
      [
        40.10146982367571,
        -88.23337805690245
      ],
      [
        40.10148049858696,
        -88.23021411895753
      ],
      [
        40.10147639531797,
        -88.22793424129488
      ]
    ]
  }
}
